{
  "date": "📅",
  "error": "<:no:1080197575174537258>",
  "succes": "<:yes:1080197573475827722>",
  "insecte": "🍃",
  "link": "🔗",
  "medaille": "🥇",
  "point": "👑",
  "new": "📩",
  "info": "ℹ",
  "partner": "🙌",
  "paypal": "🎉",
  "stats": "🤖",
  "user": "<:info:1080197577603039344>",
  "yes": "<:yes:1080197573475827722>",
  "load": "🔃",
  "help": "<:info:1080197577603039344>",
  "command": "<:info:1080197577603039344>",
  "wl": "<:yes:1080197573475827722>",
  "other": "<:info:1080197577603039344>",
  "prefix": "<:info:1080197577603039344>",
  "links": "<:info:1080197577603039344>"
}
